product,region,sourceId,observationDate,snapshotDate,value,currency,unit,frequency,status,verifiedAt,comparability,changePct
urea,eu,world_bank,2025-09-01,2026-09-29,461.1,USD,tonelada,monthly,verified,2026-09-29T17:47:20Z,not_comparable,
urea,eu,world_bank,2025-10-01,2026-09-29,394.4,USD,tonelada,monthly,verified,2026-09-29T17:47:20Z,not_comparable,
urea,eu,world_bank,2025-11-01,2026-09-29,409.3,USD,tonelada,monthly,verified,2026-09-29T17:47:20Z,not_comparable,
urea,eu,world_bank,2025-12-01,2026-09-29,392.5,USD,tonelada,monthly,verified,2026-09-29T17:47:20Z,not_comparable,
arroz,us,usda_nass,2026-01-01,2026-09-29,13.6,USD,cwt,monthly,verified,2026-09-29T16:54:10.660Z,directional,
maiz,us,usda_nass,2026-01-01,2026-09-29,4.1,USD,bushel,monthly,verified,2026-09-29T16:54:10.345Z,directional,
trigo,us,usda_nass,2026-01-01,2026-09-29,5.07,USD,bushel,monthly,verified,2026-09-29T16:54:10.032Z,directional,
urea,eu,world_bank,2026-01-01,2026-09-29,415.4,USD,tonelada,monthly,verified,2026-09-29T17:47:20Z,not_comparable,
arroz,us,usda_nass,2026-02-01,2026-09-29,12.3,USD,cwt,monthly,verified,2026-09-29T16:54:10.660Z,directional,
maiz,us,usda_nass,2026-02-01,2026-09-29,4.11,USD,bushel,monthly,verified,2026-09-29T16:54:10.345Z,directional,
trigo,us,usda_nass,2026-02-01,2026-09-29,5.15,USD,bushel,monthly,verified,2026-09-29T16:54:10.032Z,directional,
urea,eu,world_bank,2026-02-01,2026-09-29,472,USD,tonelada,monthly,verified,2026-09-29T17:47:20Z,not_comparable,
arroz,us,usda_nass,2026-03-01,2026-09-29,11.7,USD,cwt,monthly,verified,2026-09-29T16:54:10.660Z,directional,
maiz,us,usda_nass,2026-03-01,2026-09-29,4.27,USD,bushel,monthly,verified,2026-09-29T16:54:10.345Z,directional,
trigo,us,usda_nass,2026-03-01,2026-09-29,5.52,USD,bushel,monthly,verified,2026-09-29T16:54:10.032Z,directional,
urea,eu,world_bank,2026-03-01,2026-09-29,725.6,USD,tonelada,monthly,verified,2026-09-29T17:47:20Z,not_comparable,
arroz,us,usda_nass,2026-04-01,2026-09-29,11.3,USD,cwt,monthly,verified,2026-09-29T16:54:10.660Z,directional,
maiz,us,usda_nass,2026-04-01,2026-09-29,4.31,USD,bushel,monthly,verified,2026-09-29T16:54:10.345Z,directional,
trigo,us,usda_nass,2026-04-01,2026-09-29,5.7,USD,bushel,monthly,verified,2026-09-29T16:54:10.032Z,directional,
urea,eu,world_bank,2026-04-01,2026-09-29,856.9,USD,tonelada,monthly,verified,2026-09-29T17:47:20Z,not_comparable,
arroz,us,usda_nass,2026-05-01,2026-09-29,11.4,USD,cwt,monthly,verified,2026-09-29T16:54:10.660Z,directional,
maiz,us,usda_nass,2026-05-01,2026-09-29,4.48,USD,bushel,monthly,verified,2026-09-29T16:54:10.345Z,directional,
trigo,us,usda_nass,2026-05-01,2026-09-29,5.88,USD,bushel,monthly,verified,2026-09-29T16:54:10.032Z,directional,
urea,eu,world_bank,2026-05-01,2026-09-29,770.5,USD,tonelada,monthly,verified,2026-09-29T17:47:20Z,not_comparable,
arroz,us,usda_nass,2026-06-01,2026-09-29,11.8,USD,cwt,monthly,verified,2026-09-29T16:54:10.660Z,directional,
maiz,us,usda_nass,2026-06-01,2026-09-29,4.28,USD,bushel,monthly,verified,2026-09-29T16:54:10.345Z,directional,
trigo,us,usda_nass,2026-06-01,2026-09-29,5.7,USD,bushel,monthly,verified,2026-09-29T16:54:10.032Z,directional,
urea,eu,world_bank,2026-06-01,2026-09-29,453.1,USD,tonelada,monthly,verified,2026-09-29T17:47:20Z,not_comparable,
arroz,us,usda_nass,2026-07-01,2026-09-29,11.8,USD,cwt,monthly,verified,2026-09-29T16:54:10.660Z,directional,
maiz,us,usda_nass,2026-07-01,2026-09-29,4.26,USD,bushel,monthly,verified,2026-09-29T16:54:10.345Z,directional,
trigo,us,usda_nass,2026-07-01,2026-09-29,6.06,USD,bushel,monthly,verified,2026-09-29T16:54:10.032Z,directional,
urea,eu,world_bank,2026-07-01,2026-09-29,400,USD,tonelada,monthly,verified,2026-09-29T17:47:20Z,not_comparable,
urea,eu,world_bank,2026-08-01,2026-09-29,390,USD,tonelada,monthly,verified,2026-09-29T17:47:20Z,not_comparable,
